fold,idx,type,pair,ssim,spearman
0,2430,seed,42-1,0.8874439899370297,0.9676783729913572
0,2430,seed,42-2,0.7233136940697175,0.8752491001826849
0,2430,seed,1-2,0.7899891052709597,0.9347097462878183
0,2430,arch,rn18-effb0,0.5406964728213263,0.8202987243514296
0,2430,random,rand,0.00956051630968709,0.0040234242137809125
0,1418,seed,42-1,0.5093758487278679,0.7031611151473368
0,1418,seed,42-2,0.5841188079174137,0.8364230465442327
0,1418,seed,1-2,0.6461654872468198,0.8428615922662915
0,1418,arch,rn18-effb0,0.2697443386744593,0.08266361352026308
0,1418,random,rand,0.007751794422631153,0.0003792207823635042
0,1553,seed,42-1,0.7537656879057537,0.8780229233141945
0,1553,seed,42-2,0.8502215355667299,0.9365273726580053
0,1553,seed,1-2,0.6829238984791967,0.8162790627154055
0,1553,arch,rn18-effb0,0.4726861031576596,0.7839591084268583
0,1553,random,rand,0.012161537221938903,0.005981948378997463
0,1551,seed,42-1,0.8728507230492658,0.9284650735391972
0,1551,seed,42-2,0.8782297019152145,0.9350331965460796
0,1551,seed,1-2,0.8361029466668999,0.9216921938801971
0,1551,arch,rn18-effb0,0.2946944565186978,0.8408488871026685
0,1551,random,rand,-0.00218297831159648,-0.007696896300011689
0,2114,seed,42-1,0.8791830518124842,0.9632770774749728
0,2114,seed,42-2,0.7142928548794663,0.852073713506423
0,2114,seed,1-2,0.7713352363337452,0.9230519068902304
0,2114,arch,rn18-effb0,0.6709129495651104,0.8084018520017844
0,2114,random,rand,0.006948901388874906,0.0008334251544611541
0,250,seed,42-1,0.803602331122541,0.850561983433036
0,250,seed,42-2,0.7061059014424437,0.809620685763479
0,250,seed,1-2,0.8002392626092761,0.8002841279190865
0,250,arch,rn18-effb0,0.15478849486783489,-0.11057282917509689
0,250,random,rand,0.00622589937905726,0.0016167450635111364
0,79,seed,42-1,0.7531629530434686,0.9242312788578835
0,79,seed,42-2,0.6140816794871877,0.8100869846576553
0,79,seed,1-2,0.6346338753721051,0.7589445252939192
0,79,arch,rn18-effb0,0.23149299379037216,-0.27698203351926154
0,79,random,rand,0.004864254505366656,-0.002626265286565373
0,2567,seed,42-1,0.8128711996129236,0.9604186086875859
0,2567,seed,42-2,0.7241960207694732,0.8694953778092441
0,2567,seed,1-2,0.7793999794210121,0.9016839634541944
0,2567,arch,rn18-effb0,0.5031777558234369,0.8428866356244628
0,2567,random,rand,0.008797024687483147,0.004133807976325535
0,2045,seed,42-1,0.8260197052982167,0.9401049751687037
0,2045,seed,42-2,0.7061175738760207,0.8368432721064524
0,2045,seed,1-2,0.7167483753344508,0.8927351012072039
0,2045,arch,rn18-effb0,0.6100409062208579,0.7958393871620599
0,2045,random,rand,0.008476584038452906,0.0032425224299950295
0,734,seed,42-1,0.6648680965169901,0.7413568721608045
0,734,seed,42-2,0.358909606421685,0.2854732066561454
0,734,seed,1-2,0.4314472988644451,0.4676014988622985
0,734,arch,rn18-effb0,0.30784960132683803,0.21071778943800876
0,734,random,rand,0.005346959742511934,0.0002944764033422718
0,125,seed,42-1,0.6513517457640192,0.7896020141847059
0,125,seed,42-2,0.7127330336062687,0.770874305539453
0,125,seed,1-2,0.5993066373291982,0.6094442381178912
0,125,arch,rn18-effb0,0.3904879983338036,0.437549200628138
0,125,random,rand,0.0061547690988830355,0.0019432236850297087
0,1745,seed,42-1,0.5871314829652986,0.7556934517812478
0,1745,seed,42-2,0.8986658879084104,0.9616659974018971
0,1745,seed,1-2,0.7037976195546761,0.8385064788115719
0,1745,arch,rn18-effb0,0.465247104781772,0.4189627292204817
0,1745,random,rand,0.006970387747033772,0.0028822045613062872
0,83,seed,42-1,0.8521248006633677,0.942627915895656
0,83,seed,42-2,0.829369479072927,0.8863960732773739
0,83,seed,1-2,0.8086767525146957,0.8194823962258256
0,83,arch,rn18-effb0,0.29973310182608304,0.4287673727830606
0,83,random,rand,0.008838160815459205,0.002177982196729991
0,508,seed,42-1,0.8340196051294567,0.9543349903023246
0,508,seed,42-2,0.8085130493012144,0.891161951339984
0,508,seed,1-2,0.8215388339320141,0.890887560486721
0,508,arch,rn18-effb0,0.5442993813523317,0.639428171548925
0,508,random,rand,0.0023188962908393318,-0.0035832137321455643
0,1419,seed,42-1,0.6988523394787632,0.884714815947151
0,1419,seed,42-2,0.6247866427649613,0.8552430279176071
0,1419,seed,1-2,0.7661561148372696,0.9126058922846855
0,1419,arch,rn18-effb0,0.504499131872632,0.4183830338759314
0,1419,random,rand,0.004956247706874204,-0.002466804954692566
0,2877,seed,42-1,0.8639679966314463,0.9495986201329809
0,2877,seed,42-2,0.7520398610669644,0.9119431044394769
0,2877,seed,1-2,0.7198074836556397,0.9108126408659697
0,2877,arch,rn18-effb0,0.6592298109261053,0.8336953746890358
0,2877,random,rand,0.011251091149616643,0.0056996500730737065
0,245,seed,42-1,0.6662109540011875,0.8349045093859605
0,245,seed,42-2,0.7189239104885183,0.863940412017704
0,245,seed,1-2,0.6186331656141902,0.732953908949002
0,245,arch,rn18-effb0,0.14998502194885238,-0.2875939251067238
0,245,random,rand,-0.0015330158994347253,-0.0072367274332785555
0,100,seed,42-1,0.4537379214980142,0.469213431897837
0,100,seed,42-2,0.640507709891682,0.7919828779464286
0,100,seed,1-2,0.6701775491103622,0.8306822837650252
0,100,arch,rn18-effb0,0.29390516485643253,0.35052921279704635
0,100,random,rand,0.0005194642841782852,-0.005226814786182827
0,272,seed,42-1,0.8369235118144637,0.9306702965717976
0,272,seed,42-2,0.8380858190882294,0.898082471350265
0,272,seed,1-2,0.8406350960577667,0.9437768719520596
0,272,arch,rn18-effb0,0.34351432032373536,0.4604855753885363
0,272,random,rand,0.014921076243163797,0.008782690930021212
0,1180,seed,42-1,0.6251924786763027,0.8324583760956932
0,1180,seed,42-2,0.9014193985801525,0.9765546013726926
0,1180,seed,1-2,0.7666384237900334,0.88572147365634
0,1180,arch,rn18-effb0,0.645123688228183,0.6854691464746272
0,1180,random,rand,0.0037225225698859785,-0.0004864410473144221
0,1635,seed,42-1,0.815556205157559,0.9385559306326509
0,1635,seed,42-2,0.824407952376492,0.9604942293263555
0,1635,seed,1-2,0.8684830591690861,0.9584636427368077
0,1635,arch,rn18-effb0,0.3275765269410041,0.6366678405270783
0,1635,random,rand,0.0028730611238603904,-0.002751356918219488
0,2433,seed,42-1,0.8816582699065738,0.9613815966276357
0,2433,seed,42-2,0.6724558079678102,0.8469826631726665
0,2433,seed,1-2,0.7662273532163902,0.9296111228533697
0,2433,arch,rn18-effb0,0.5040540468226311,0.793878729048946
0,2433,random,rand,0.005639966217741364,-0.0006344169968175992
0,1983,seed,42-1,0.7475772033605919,0.8879131939452289
0,1983,seed,42-2,0.6066548426438497,0.8125199540391582
0,1983,seed,1-2,0.7017980972816811,0.9133544787958155
0,1983,arch,rn18-effb0,0.3534199175790706,0.48173318854057656
0,1983,random,rand,0.015847301114519277,0.010534351400659432
0,2218,seed,42-1,0.8114064774059675,0.9247822830036752
0,2218,seed,42-2,0.7074183229242015,0.8354019443627742
0,2218,seed,1-2,0.7359779682394024,0.913340081149417
0,2218,arch,rn18-effb0,0.6072612010317636,0.8275704160082851
0,2218,random,rand,0.0032620527919338138,-0.0025912043971757386
0,1033,seed,42-1,0.7549088524825236,0.8860919071145735
0,1033,seed,42-2,0.9217839607267044,0.9697149541727595
0,1033,seed,1-2,0.7857041960989282,0.9033491409929157
0,1033,arch,rn18-effb0,0.5388705208294325,0.7543570227270894
0,1033,random,rand,0.00236542477254676,-0.002757410389407368
0,743,seed,42-1,0.5108060008271887,0.5658360161044066
0,743,seed,42-2,0.4855154337606778,0.4476915295659795
0,743,seed,1-2,0.42537460423693374,0.5377781060891084
0,743,arch,rn18-effb0,0.23989809164001988,-0.10301991256742114
0,743,random,rand,0.010925798785411604,0.006452282934989863
0,1554,seed,42-1,0.7510090784821369,0.8666633013988823
0,1554,seed,42-2,0.8212368504299694,0.8879853259370823
0,1554,seed,1-2,0.6638423389068593,0.826795964437147
0,1554,arch,rn18-effb0,0.3865410376419797,0.5625384603582049
0,1554,random,rand,-0.0003089925462330601,-0.004520774733445707
0,1429,seed,42-1,0.8827885045656568,0.9619300176557204
0,1429,seed,42-2,0.8625958974102954,0.9609562336204451
0,1429,seed,1-2,0.8912777533312131,0.9703811869040603
0,1429,arch,rn18-effb0,0.18726696355403322,0.20063356886785455
0,1429,random,rand,0.004137640674470879,-0.0008706677733554374
0,2607,seed,42-1,0.8837734440158321,0.9535224330281128
0,2607,seed,42-2,0.6716655122667508,0.8544188956829756
0,2607,seed,1-2,0.7541229953343003,0.920762961187106
0,2607,arch,rn18-effb0,0.6377472415413177,0.8600882832926059
0,2607,random,rand,0.006433953380464844,0.0018686142481099655
0,1831,seed,42-1,0.5824005572783301,0.7744122453842283
0,1831,seed,42-2,0.7843089696170705,0.9187557137020576
0,1831,seed,1-2,0.7558182571363935,0.8662324542357611
0,1831,arch,rn18-effb0,0.39343162350418076,0.06718979424676612
0,1831,random,rand,0.011256907314718977,0.005115629965550516
0,2733,seed,42-1,0.8940186587747636,0.9724311859514545
0,2733,seed,42-2,0.8473676590672392,0.9478895983980447
0,2733,seed,1-2,0.8240989326238294,0.9453739189288287
0,2733,arch,rn18-effb0,0.6071224444307586,0.8495916436577571
0,2733,random,rand,0.007208775896245845,0.0008705621529257768
0,504,seed,42-1,0.38899646579812025,0.33072598755512495
0,504,seed,42-2,0.6676541060032432,0.8011066282842532
0,504,seed,1-2,0.36932956403455397,0.19106913067416942
0,504,arch,rn18-effb0,0.39408684285359225,0.4627404263667839
0,504,random,rand,0.011052538594371712,0.00394991851563275
0,2275,seed,42-1,0.8287923321474051,0.9709560380356633
0,2275,seed,42-2,0.751188077777875,0.899359890051553
0,2275,seed,1-2,0.7597745779207856,0.9286694707177455
0,2275,arch,rn18-effb0,0.5712878741928707,0.7478558703366067
0,2275,random,rand,0.0056761262651375075,0.00041138811634026435
0,1518,seed,42-1,0.7798000810745163,0.9171050835081
0,1518,seed,42-2,0.9166781411632204,0.977028161562322
0,1518,seed,1-2,0.7792421378735847,0.9061147485022337
0,1518,arch,rn18-effb0,0.35012576410773594,0.44863101910503556
0,1518,random,rand,0.004289481027209681,0.000509738637088287
0,32,seed,42-1,0.6376974927069183,0.6159526584682953
0,32,seed,42-2,0.6352085847322705,0.7154271424294439
0,32,seed,1-2,0.5652812199528096,0.5438118633165364
0,32,arch,rn18-effb0,0.2183566699217046,0.02234086925861395
0,32,random,rand,0.008891239503175358,0.0025613015280989034
0,785,seed,42-1,0.8592002070608058,0.931396433168864
0,785,seed,42-2,0.6726414008015812,0.8359225882076636
0,785,seed,1-2,0.6885488229377235,0.8534447181139084
0,785,arch,rn18-effb0,0.42677130783568085,0.46477659524917786
0,785,random,rand,0.0006731939013803447,-0.0027836154392435553
0,780,seed,42-1,0.4142045088078122,0.8279667986813007
0,780,seed,42-2,0.3591073350106585,0.5817965659088515
0,780,seed,1-2,0.6277133399757245,0.6805405840569612
0,780,arch,rn18-effb0,0.49267035005673415,0.5379571269332235
0,780,random,rand,0.006142335251583583,-0.0005086622013961184
0,2286,seed,42-1,0.8562882725442876,0.9504004998159151
0,2286,seed,42-2,0.6709416406233449,0.802388649759186
0,2286,seed,1-2,0.7387914127034427,0.8957969663083144
0,2286,arch,rn18-effb0,0.5554533939112261,0.7190587286239775
0,2286,random,rand,0.005027958325990427,-0.0015060195952156215
0,1706,seed,42-1,0.8328596535767846,0.9312672832341219
0,1706,seed,42-2,0.8905694023446948,0.971894655991133
0,1706,seed,1-2,0.8316414835713487,0.9314482557411942
0,1706,arch,rn18-effb0,0.5016202191716819,0.4728775178701351
0,1706,random,rand,0.009404211868716445,0.001631893565665771
0,1738,seed,42-1,0.634880110163669,0.8349849818252989
0,1738,seed,42-2,0.8895177218717197,0.9575450733776188
0,1738,seed,1-2,0.7644046255008833,0.8892627669483314
0,1738,arch,rn18-effb0,0.6030574505729077,0.7142802164857215
0,1738,random,rand,0.001971933648542389,-0.0037785909558307944
1,2346,seed,42-1,0.756980382096044,0.9077025990063003
1,2346,seed,42-2,0.7252483491194547,0.9139568438366416
1,2346,seed,1-2,0.8224347775035229,0.9559705813159072
1,2346,arch,rn18-effb0,0.45643948295304027,0.7602038973787473
1,2346,random,rand,-0.0003373754009405984,-0.005081223772887296
1,2864,seed,42-1,0.8212722002312023,0.916459351620672
1,2864,seed,42-2,0.7841409554142358,0.9259999041537946
1,2864,seed,1-2,0.8466404362490506,0.9519826694830471
1,2864,arch,rn18-effb0,0.5773754042489045,0.8191937171866717
1,2864,random,rand,0.006202147501283606,0.0007223567415116693
1,181,seed,42-1,0.7726393330167497,0.8499466079215087
1,181,seed,42-2,0.8462128304503967,0.8817976891448073
1,181,seed,1-2,0.7683101641915675,0.7904923775136494
1,181,arch,rn18-effb0,0.4963148153534496,0.8456140180942505
1,181,random,rand,-0.0017538372260937607,-0.006136289093038149
1,842,seed,42-1,0.64494565351889,0.8491778636878726
1,842,seed,42-2,0.6446445756435474,0.8660581618834741
1,842,seed,1-2,0.6569140920641159,0.7158802885830495
1,842,arch,rn18-effb0,0.2795472861958639,0.11005560475851178
1,842,random,rand,0.008686549446209649,0.0020248704802427187
1,2912,seed,42-1,0.850201886371214,0.9392644812426617
1,2912,seed,42-2,0.7160014352908499,0.8911232527928098
1,2912,seed,1-2,0.8420896582967335,0.957323607422925
1,2912,arch,rn18-effb0,0.30183407346419017,-0.024073243554857345
1,2912,random,rand,0.008547718096042538,0.0044200871369821405
1,725,seed,42-1,0.6616767422966829,0.7325116737541125
1,725,seed,42-2,0.7711527381588033,0.8927340161371444
1,725,seed,1-2,0.739070766455599,0.8716794962392821
1,725,arch,rn18-effb0,0.3562808500599593,0.5581609297243071
1,725,random,rand,0.007879243058473049,0.002498165130774601
1,1524,seed,42-1,0.7314829158706202,0.875441694911763
1,1524,seed,42-2,0.6817111605992334,0.8401017552968719
1,1524,seed,1-2,0.8351388584279817,0.9317399609658066
1,1524,arch,rn18-effb0,0.17455015599059176,-0.26396272494896167
1,1524,random,rand,0.004510615492001511,-0.0017524941814499899
1,1005,seed,42-1,0.6534705460019044,0.8420729994570997
1,1005,seed,42-2,0.6677217913965401,0.8641073580613777
1,1005,seed,1-2,0.9166166422752713,0.9763394473269787
1,1005,arch,rn18-effb0,0.15360190222212983,-0.20379880271309053
1,1005,random,rand,0.007928505263953048,0.0025982226989510124
1,1264,seed,42-1,0.699542139389893,0.8645146368995573
1,1264,seed,42-2,0.7893967597925101,0.9017926227635938
1,1264,seed,1-2,0.854196419603273,0.9374846517982371
1,1264,arch,rn18-effb0,0.48834287282099054,0.6912240352443401
1,1264,random,rand,5.7191975489824505e-05,-0.0047751436505630625
1,1006,seed,42-1,0.6723377918456915,0.8494542124875291
1,1006,seed,42-2,0.6963212980833364,0.8665698026897066
1,1006,seed,1-2,0.8849826231435808,0.97914347099037
1,1006,arch,rn18-effb0,0.25940231419400966,0.11317839958631783
1,1006,random,rand,0.00021715717716282678,-0.005125947514670281
1,1143,seed,42-1,0.5914238337952672,0.7942712641058658
1,1143,seed,42-2,0.6967851270985571,0.8353122592861468
1,1143,seed,1-2,0.7684338352095886,0.9208279534995624
1,1143,arch,rn18-effb0,0.3929052398751627,0.05022137766819915
1,1143,random,rand,0.001367147718136403,-0.0053878117799282905
1,1104,seed,42-1,0.5193551762836176,0.7569972192687329
1,1104,seed,42-2,0.6148318641618936,0.8744651912689536
1,1104,seed,1-2,0.7209050566390409,0.8890337156648518
1,1104,arch,rn18-effb0,0.267206855388798,-0.10286133391600673
1,1104,random,rand,0.010731039862033106,0.004146490099641546
1,679,seed,42-1,0.7671574736400459,0.931968752847567
1,679,seed,42-2,0.8457989633732707,0.9531720112432989
1,679,seed,1-2,0.8490673192690434,0.936213934363809
1,679,arch,rn18-effb0,0.4293252151790565,0.7186628391956776
1,679,random,rand,0.002245147706197917,-0.002365928387227223
1,1512,seed,42-1,0.5751822274833587,0.7737606149210523
1,1512,seed,42-2,0.7490354211336709,0.8925496452842901
1,1512,seed,1-2,0.779870130553153,0.9196843870321103
1,1512,arch,rn18-effb0,0.24384497180662196,-0.3107598090706993
1,1512,random,rand,0.002527524807021872,-0.002877076353131865
1,428,seed,42-1,0.7741557844000418,0.9515232594706741
1,428,seed,42-2,0.8211224384510114,0.897937865226622
1,428,seed,1-2,0.8353396313119635,0.9024686460146747
1,428,arch,rn18-effb0,0.2866412251426148,0.3497939356981517
1,428,random,rand,-0.004443926850063609,-0.010776684032678705
1,344,seed,42-1,0.6553978661523454,0.8472776521596824
1,344,seed,42-2,0.8686292735511241,0.9644442550824706
1,344,seed,1-2,0.7081933439597622,0.856961653313083
1,344,arch,rn18-effb0,0.1816138708797703,-0.32513502508907466
1,344,random,rand,0.005014289969081989,0.000497762714365175
1,1710,seed,42-1,0.7377181205283652,0.8757848414058179
1,1710,seed,42-2,0.8114486520762054,0.9223064208975821
1,1710,seed,1-2,0.9089572544140443,0.9680098327658297
1,1710,arch,rn18-effb0,0.5425341381127418,0.5076837534845656
1,1710,random,rand,0.008565906256351652,0.004094091024230707
1,160,seed,42-1,0.8066203766545945,0.8744872317152858
1,160,seed,42-2,0.8232376744845886,0.8804416359880627
1,160,seed,1-2,0.7792009745303108,0.7978585980404724
1,160,arch,rn18-effb0,0.23880716209957495,0.36134223823103423
1,160,random,rand,0.02237168749937181,0.01763532951765305
1,1801,seed,42-1,0.7193780072477393,0.8759133202870297
1,1801,seed,42-2,0.7728564800796018,0.9116432318941999
1,1801,seed,1-2,0.9243046034372984,0.9732794664169898
1,1801,arch,rn18-effb0,0.381800855921586,0.4055401659666775
1,1801,random,rand,0.001975824726279578,-0.001976045058094024
1,1886,seed,42-1,0.7644548828643596,0.8885958882669173
1,1886,seed,42-2,0.7217673622331205,0.8720768280216616
1,1886,seed,1-2,0.8360811591890863,0.9671090283747289
1,1886,arch,rn18-effb0,0.5960174880879668,0.7801108301714229
1,1886,random,rand,0.0014751072916634714,-0.003283821085052426
1,1890,seed,42-1,0.8252711017297761,0.9214792080197965
1,1890,seed,42-2,0.8357203683517475,0.9422505995563091
1,1890,seed,1-2,0.7825938751068985,0.9115664262296348
1,1890,arch,rn18-effb0,0.5693425500357279,0.7499991616428365
1,1890,random,rand,0.0017435644911540297,-0.00439383147678678
1,2860,seed,42-1,0.7847097268370871,0.9141502209781818
1,2860,seed,42-2,0.7808622507979378,0.9085180934382049
1,2860,seed,1-2,0.821493927038207,0.9549638366630077
1,2860,arch,rn18-effb0,0.6370244686408775,0.855002860555804
1,2860,random,rand,0.010918830145995826,0.00528994854297739
1,864,seed,42-1,0.8305263055177896,0.8793526331379132
1,864,seed,42-2,0.8665031589148758,0.9552482716825802
1,864,seed,1-2,0.779055128903314,0.8647303666551333
1,864,arch,rn18-effb0,0.6517561321224642,0.6072839895194565
1,864,random,rand,0.005509227311633109,0.0009315853523572463
1,1977,seed,42-1,0.7074386643815067,0.8563308407115564
1,1977,seed,42-2,0.6197220633207648,0.7998538312790724
1,1977,seed,1-2,0.7418537073145572,0.9113660873864262
1,1977,arch,rn18-effb0,0.5054352246735967,0.6989148989661627
1,1977,random,rand,0.009766857942072613,0.003911842810982845
1,951,seed,42-1,0.6389916375139583,0.8587198587171604
1,951,seed,42-2,0.6819579763566548,0.8883666782582548
1,951,seed,1-2,0.8452747482372177,0.9451013682937527
1,951,arch,rn18-effb0,0.1506506928001447,-0.3289173805272073
1,951,random,rand,0.010222855071341522,0.006648660988031807
1,2143,seed,42-1,0.7174321309269929,0.8679236202748524
1,2143,seed,42-2,0.7119127421838006,0.8598065118624041
1,2143,seed,1-2,0.8069222979772767,0.952983820864133
1,2143,arch,rn18-effb0,0.49511134126885803,0.6023629249514123
1,2143,random,rand,0.009886028851466538,0.005554509492620765
1,254,seed,42-1,0.6461981451445741,0.8367446022705378
1,254,seed,42-2,0.8225506466823027,0.9345856677590169
1,254,seed,1-2,0.6565526635362141,0.8274711108633541
1,254,arch,rn18-effb0,0.12451136703623046,-0.7064863331729354
1,254,random,rand,0.009920670217128356,0.004869178322201473
1,2637,seed,42-1,0.8283019154787618,0.9331815359635591
1,2637,seed,42-2,0.7953856858370677,0.9377743417123406
1,2637,seed,1-2,0.8493766420769409,0.9551582298000763
1,2637,arch,rn18-effb0,0.5557540179826097,0.5888652112874713
1,2637,random,rand,0.005505045156764126,-0.001143102862858404
1,1884,seed,42-1,0.715039760145604,0.8748026047306282
1,1884,seed,42-2,0.7341134065590644,0.8820311228170497
1,1884,seed,1-2,0.8381705169561507,0.968996506159306
1,1884,arch,rn18-effb0,0.5868559696348822,0.7618559054773345
1,1884,random,rand,0.005442670017983054,0.00067253073784387
1,766,seed,42-1,0.7739173072287492,0.9225462926756373
1,766,seed,42-2,0.7072955183535694,0.8023851197989101
1,766,seed,1-2,0.768660776933677,0.8165017929838595
1,766,arch,rn18-effb0,0.2834815255651262,0.11639601292964549
1,766,random,rand,0.007511571482373713,0.0025077215039985383
1,1021,seed,42-1,0.2640514097633508,0.017460963973018485
1,1021,seed,42-2,0.27066818383401786,0.1403320342229119
1,1021,seed,1-2,0.7093197434483958,0.8346783621544064
1,1021,arch,rn18-effb0,0.15299440495492708,-0.3877763344871047
1,1021,random,rand,0.004406493257378312,-0.001687962621855406
1,2490,seed,42-1,0.7724705947107307,0.9127244117719087
1,2490,seed,42-2,0.7290791799875183,0.8943417103818175
1,2490,seed,1-2,0.8531874984433184,0.9616714810880402
1,2490,arch,rn18-effb0,0.588598576589908,0.7267215763842256
1,2490,random,rand,0.00432209261209554,-0.0016179497164575702
1,562,seed,42-1,0.3600344585457775,-0.04744574027708407
1,562,seed,42-2,0.5344753892340501,0.4287543692390799
1,562,seed,1-2,0.6344583760534916,0.5903782380886842
1,562,arch,rn18-effb0,0.22737538535955334,-0.114233560186875
1,562,random,rand,0.0029139824719616697,-0.0037474139309838506
1,1511,seed,42-1,0.5863773033247696,0.7862944970807684
1,1511,seed,42-2,0.700874063903045,0.852326106867142
1,1511,seed,1-2,0.8384195434950326,0.9432773157920332
1,1511,arch,rn18-effb0,0.2952053945870828,-0.33507452157480067
1,1511,random,rand,-0.0036004185770235676,-0.007368629653521121
1,3031,seed,42-1,0.6817171154173768,0.8462130981856887
1,3031,seed,42-2,0.7113977679238883,0.884835215378577
1,3031,seed,1-2,0.852764036419561,0.950444763158851
1,3031,arch,rn18-effb0,0.6982862194579111,0.8871090794110917
1,3031,random,rand,0.00952903626494199,0.002573747848128895
1,316,seed,42-1,0.5513708398884738,0.7283836735937247
1,316,seed,42-2,0.5899581622917439,0.7483126456832643
1,316,seed,1-2,0.45424764230438763,0.5675439892107069
1,316,arch,rn18-effb0,0.07182916819268101,-0.5806591944939693
1,316,random,rand,0.00468326217656734,-0.00018357905619579372
1,1332,seed,42-1,0.5623180863551194,0.758963883991196
1,1332,seed,42-2,0.6211950280798845,0.8162846436127407
1,1332,seed,1-2,0.859502517408709,0.9716483996184487
1,1332,arch,rn18-effb0,0.21160778993975007,-0.0593702666324675
1,1332,random,rand,0.010728666318252348,0.005929622394688545
1,1420,seed,42-1,0.5727904058143377,0.7907534515012655
1,1420,seed,42-2,0.6323786968405907,0.8234684198404827
1,1420,seed,1-2,0.8429234439107194,0.9555810150803554
1,1420,arch,rn18-effb0,0.20015629338925248,-0.3405111593936545
1,1420,random,rand,0.012233252636572793,0.007060292905906934
1,2828,seed,42-1,0.7788513392025326,0.9004975242621395
1,2828,seed,42-2,0.7337544828121241,0.8957738393776956
1,2828,seed,1-2,0.7827529469813016,0.9335859568796181
1,2828,arch,rn18-effb0,0.6719491878849848,0.8164548420549433
1,2828,random,rand,0.007444183175317913,0.002625815232936179
1,1769,seed,42-1,0.6576706229745696,0.848851009010514
1,1769,seed,42-2,0.7874808388089376,0.9453324041968209
1,1769,seed,1-2,0.824990378896397,0.9355195131434951
1,1769,arch,rn18-effb0,0.34156396423900537,0.1770889262340105
1,1769,random,rand,0.0016174887003052633,-0.00454877367741711
2,1948,seed,42-1,0.38176856092734024,0.2775383937955923
2,1948,seed,42-2,0.5569704027575813,0.7447808980833144
2,1948,seed,1-2,0.3030354141727287,0.0972381671872146
2,1948,arch,rn18-effb0,0.3289675895407021,0.169386672223428
2,1948,random,rand,0.009939868045573882,0.005259977660952349
2,2011,seed,42-1,0.6651320927068949,0.8377260710349327
2,2011,seed,42-2,0.6997596998756135,0.88718000214115
2,2011,seed,1-2,0.558940822262119,0.6449488964000338
2,2011,arch,rn18-effb0,0.3759832567296352,0.19636979505892949
2,2011,random,rand,0.009892147515545858,0.0057943491927893755
2,1773,seed,42-1,0.8333659412723585,0.9432563652749418
2,1773,seed,42-2,0.8185934723277194,0.9618349509050694
2,1773,seed,1-2,0.8043304959896226,0.9413466768514344
2,1773,arch,rn18-effb0,0.44425797091445757,0.6481410741576153
2,1773,random,rand,0.007672624972117065,0.0017026132763840781
2,1356,seed,42-1,0.3942346613529198,0.4485560396771832
2,1356,seed,42-2,0.3573810210595466,0.3279566571556986
2,1356,seed,1-2,0.7216805772433056,0.8572541258456908
2,1356,arch,rn18-effb0,0.22062554405791784,0.17830623312807567
2,1356,random,rand,0.00770251654827555,0.0004177086977676646
2,584,seed,42-1,0.7931496214645836,0.9150856168356734
2,584,seed,42-2,0.7416415098242793,0.9572664947627044
2,584,seed,1-2,0.8029824667308828,0.8907115190670077
2,584,arch,rn18-effb0,0.7018936600842565,0.7918528425663338
2,584,random,rand,0.005757639605253979,-0.0010432073530269636
2,2669,seed,42-1,0.8785360323023134,0.9403777158304065
2,2669,seed,42-2,0.7986175358184444,0.9350024951299816
2,2669,seed,1-2,0.778671876033449,0.8904253570960919
2,2669,arch,rn18-effb0,0.5365834600474809,0.6157034217494691
2,2669,random,rand,0.0007124586384904886,-0.005756519503304023
2,1724,seed,42-1,0.8503100527545291,0.9295008459724583
2,1724,seed,42-2,0.7679644639168508,0.9073220286803543
2,1724,seed,1-2,0.7395533121063742,0.855024108739655
2,1724,arch,rn18-effb0,0.1661145349872028,-0.16054879435846922
2,1724,random,rand,0.010444488020046865,0.005860408025115359
2,1775,seed,42-1,0.7658955817966123,0.9145735597227246
2,1775,seed,42-2,0.7263148945227768,0.9348149872207331
2,1775,seed,1-2,0.8176932802433085,0.9368319679582309
2,1775,arch,rn18-effb0,0.26696721544356067,0.45466045766789254
2,1775,random,rand,0.00299996270066336,-0.00022839393306473037
2,2998,seed,42-1,0.8351942304280052,0.9257427333814553
2,2998,seed,42-2,0.8401529458446674,0.936458204402239
2,2998,seed,1-2,0.8064486320293495,0.9330095271978922
2,2998,arch,rn18-effb0,0.7125064948978659,0.9629742141652581
2,2998,random,rand,0.00536131107829556,1.484307863317816e-05
2,2917,seed,42-1,0.7456678421052443,0.8626387018276055
2,2917,seed,42-2,0.8435134417736819,0.9432892957651655
2,2917,seed,1-2,0.8207655522165581,0.9169882420821014
2,2917,arch,rn18-effb0,0.7454092714188958,0.8813656916250991
2,2917,random,rand,0.004688547268030954,0.0006920643825664809
2,1155,seed,42-1,0.7536597879798377,0.8723332149909363
2,1155,seed,42-2,0.7853731512604787,0.9167992864230058
2,1155,seed,1-2,0.6803919001850927,0.8606715849685647
2,1155,arch,rn18-effb0,0.3608570904318994,0.5579186498400114
2,1155,random,rand,0.0009392268283805993,-0.004599128748935458
2,2243,seed,42-1,0.7988730825841402,0.8857152895421434
2,2243,seed,42-2,0.7367785195949373,0.8794878871122198
2,2243,seed,1-2,0.7191423542920281,0.8139087915178408
2,2243,arch,rn18-effb0,0.6543597368535903,0.8070000637196254
2,2243,random,rand,0.002956996803526013,-0.0031429525063054343
2,2414,seed,42-1,0.8653477143137887,0.9501011697884951
2,2414,seed,42-2,0.8320754721291052,0.9364739080556423
2,2414,seed,1-2,0.7750219262723441,0.8652933526684385
2,2414,arch,rn18-effb0,0.6742992667195502,0.8034541236666495
2,2414,random,rand,0.008146559688399727,0.003802333536754037
2,1698,seed,42-1,0.7538859009432597,0.9027235328999135
2,1698,seed,42-2,0.650277600059316,0.8734014960083138
2,1698,seed,1-2,0.7904986484129806,0.9064406757526483
2,1698,arch,rn18-effb0,0.24030916472477545,-0.021789768494988617
2,1698,random,rand,0.007832730502963875,0.002163725553562444
2,463,seed,42-1,0.7630979957292777,0.9080106977707179
2,463,seed,42-2,0.8473425257440561,0.938397150925318
2,463,seed,1-2,0.7735595474929413,0.9303427539290746
2,463,arch,rn18-effb0,0.47119070437282884,0.523942651366505
2,463,random,rand,0.004196785561185273,-0.0023270683307775137
2,1462,seed,42-1,0.7306123382646511,0.8929642730018864
2,1462,seed,42-2,0.7852163511716339,0.9382315027895057
2,1462,seed,1-2,0.5540402501656277,0.853583342884461
2,1462,arch,rn18-effb0,0.5394678022942733,0.7159731543137651
2,1462,random,rand,0.008212969476949522,0.0036855052545025357
2,228,seed,42-1,0.8707867761418241,0.8811608941324924
2,228,seed,42-2,0.8376014254416657,0.864366783414127
2,228,seed,1-2,0.8746413717900962,0.9400200711483556
2,228,arch,rn18-effb0,0.3661188112951393,0.5979384359747166
2,228,random,rand,0.0053764992994439365,0.0010023966743630966
2,368,seed,42-1,0.7749532977110152,0.897977442479467
2,368,seed,42-2,0.7695353740432587,0.9293434533559091
2,368,seed,1-2,0.7212472642693434,0.8569383577387063
2,368,arch,rn18-effb0,0.43571669083557707,0.636131404990051
2,368,random,rand,0.0019583104787026877,-0.0022144321583671836
2,2934,seed,42-1,0.8169986056699294,0.9046171909203264
2,2934,seed,42-2,0.8849244032024726,0.960787692622451
2,2934,seed,1-2,0.811788914204064,0.8988752019501657
2,2934,arch,rn18-effb0,0.7675221176474205,0.9189463996916217
2,2934,random,rand,0.00881828359644127,0.002640826007388802
2,242,seed,42-1,0.8616998855201105,0.9226582255433315
2,242,seed,42-2,0.8587118038905609,0.9507466462423446
2,242,seed,1-2,0.7922812303222948,0.8661889547589435
2,242,arch,rn18-effb0,0.19196390088820028,-0.2132584563411835
2,242,random,rand,0.009136657032211832,0.003977299899857205
2,2941,seed,42-1,0.8611404644945421,0.9319001759149589
2,2941,seed,42-2,0.8411031024534136,0.939052708544283
2,2941,seed,1-2,0.8281264784997496,0.8858703599356011
2,2941,arch,rn18-effb0,0.6550284977069498,0.804713920414892
2,2941,random,rand,0.004463471284957284,-0.002025516052099335
2,2511,seed,42-1,0.7637813424809295,0.8620972063877668
2,2511,seed,42-2,0.7457608437437936,0.8863526857032069
2,2511,seed,1-2,0.7136884379748292,0.8063740973004966
2,2511,arch,rn18-effb0,0.5996637424901804,0.7429072411703613
2,2511,random,rand,0.009087283851429968,0.0036750592822779498
2,2723,seed,42-1,0.7644529929880782,0.8807584872993179
2,2723,seed,42-2,0.7941777310903632,0.9282921121092884
2,2723,seed,1-2,0.6950859224291135,0.8408901331210863
2,2723,arch,rn18-effb0,0.5195520585577749,0.7493058094723439
2,2723,random,rand,0.0052049496550100206,-0.0017655632617320628
2,451,seed,42-1,0.7160865667106239,0.7961982000817148
2,451,seed,42-2,0.9057595380796305,0.9665380577064389
2,451,seed,1-2,0.7271464684482013,0.8326844074722508
2,451,arch,rn18-effb0,0.4763025393940966,0.5530154060106034
2,451,random,rand,0.0035359522260220043,-0.0015263224770634821
2,1159,seed,42-1,0.7595484985069836,0.8898159267742477
2,1159,seed,42-2,0.8155589233712334,0.9498991882012895
2,1159,seed,1-2,0.7711314401731137,0.896590189579242
2,1159,arch,rn18-effb0,0.3641841239369841,0.5771896005347993
2,1159,random,rand,0.0057777939219984045,0.000828585705697344
2,591,seed,42-1,0.8644603950331061,0.9546166306416475
2,591,seed,42-2,0.8534927490514498,0.9334730471270459
2,591,seed,1-2,0.8224869007742467,0.9518119455044595
2,591,arch,rn18-effb0,0.5046587210379591,0.5772158499937253
2,591,random,rand,-0.0003935934182179972,-0.006321119455117201
2,17,seed,42-1,0.8434323362434513,0.9006927473913982
2,17,seed,42-2,0.899729710843299,0.9735319044235834
2,17,seed,1-2,0.8450918513922496,0.9262469992758015
2,17,arch,rn18-effb0,0.18190896127893524,0.11711440241683962
2,17,random,rand,0.007295809066192738,0.0020770642962395776
2,2558,seed,42-1,0.809034317272663,0.9044932680477481
2,2558,seed,42-2,0.8244993683559336,0.9446631316864009
2,2558,seed,1-2,0.7467805435682306,0.8347261244286158
2,2558,arch,rn18-effb0,0.3669315772387563,0.39687405139001136
2,2558,random,rand,0.004300865997626294,-0.0013248727625297932
2,875,seed,42-1,0.8968132898252554,0.9307090538475215
2,875,seed,42-2,0.8784926269579606,0.9672237737446249
2,875,seed,1-2,0.846099078646777,0.9286485883822747
2,875,arch,rn18-effb0,0.6346703103996112,0.7109551575255548
2,875,random,rand,0.00614776457100921,0.0011868379232223703
2,2334,seed,42-1,0.8160370787286292,0.9052479856348803
2,2334,seed,42-2,0.7686601459446035,0.9077360060803598
2,2334,seed,1-2,0.7748545504925061,0.8254635415824623
2,2334,arch,rn18-effb0,0.5276504535427883,0.5876530216755251
2,2334,random,rand,0.009799357249390067,0.004447721247650283
2,1695,seed,42-1,0.7322718528617578,0.8819397001099394
2,1695,seed,42-2,0.7907392300827484,0.9448512456253071
2,1695,seed,1-2,0.7717312400124785,0.9378811909505608
2,1695,arch,rn18-effb0,0.30304514214902184,0.025033334405370512
2,1695,random,rand,0.0011109814679202024,-0.0038224216009585246
2,1196,seed,42-1,0.8250889035976351,0.9204761630474849
2,1196,seed,42-2,0.7990269212039841,0.9063283409196572
2,1196,seed,1-2,0.7220946293118543,0.8403607274029343
2,1196,arch,rn18-effb0,0.4536064169394854,0.599966486889583
2,1196,random,rand,-0.001351345720326986,-0.0078382668176526
2,1015,seed,42-1,0.7921384098225016,0.9376429183816061
2,1015,seed,42-2,0.7665754194593161,0.9382782844962054
2,1015,seed,1-2,0.7095913739752125,0.9426416252506695
2,1015,arch,rn18-effb0,0.12565899477907286,-0.34238344752662736
2,1015,random,rand,-0.0004390669608086807,-0.004534526735918893
2,597,seed,42-1,0.8213365918425386,0.8700787594983235
2,597,seed,42-2,0.7418572593243971,0.8754738243136384
2,597,seed,1-2,0.7911233206958961,0.9471363387279302
2,597,arch,rn18-effb0,0.4295319313459772,0.48886466813346063
2,597,random,rand,-0.0017888393126805704,-0.008621141401936611
2,2587,seed,42-1,0.8381548796843666,0.9261824410014851
2,2587,seed,42-2,0.7966039573129239,0.926775001069313
2,2587,seed,1-2,0.8007958122191945,0.922151507507016
2,2587,arch,rn18-effb0,0.5963498055417352,0.7699478669400801
2,2587,random,rand,0.005988365396641512,0.0015027354799294656
2,569,seed,42-1,0.6852365225282605,0.8280071701942489
2,569,seed,42-2,0.6199330323859296,0.8108486793702632
2,569,seed,1-2,0.4757641021059633,0.7440349306715823
2,569,arch,rn18-effb0,0.33366763200482064,0.36771314777167885
2,569,random,rand,-0.001925851390073322,-0.006302791874277032
2,1461,seed,42-1,0.6891177837217901,0.8403447205678157
2,1461,seed,42-2,0.767717738108133,0.9213878690680747
2,1461,seed,1-2,0.6183126542551663,0.8622638762063058
2,1461,arch,rn18-effb0,0.4367789268532082,0.5299338538513101
2,1461,random,rand,0.005668318941347321,-0.0008484521065637522
2,3001,seed,42-1,0.7378769185955382,0.8654165969240202
2,3001,seed,42-2,0.8750355158964724,0.9486291719870731
2,3001,seed,1-2,0.7138587582561523,0.8385330318108821
2,3001,arch,rn18-effb0,0.6447216717820035,0.8452931235970663
2,3001,random,rand,0.005343573646363901,-0.00043142697437706075
2,1003,seed,42-1,0.8656833481362458,0.9568470783849768
2,1003,seed,42-2,0.6959219942532223,0.8616563369475047
2,1003,seed,1-2,0.7764744420465549,0.9084895517088554
2,1003,arch,rn18-effb0,0.27045318129447316,0.3651211467970003
2,1003,random,rand,0.016158836164948946,0.011104359365130925
2,2189,seed,42-1,0.7998243936606165,0.935636181929163
2,2189,seed,42-2,0.8073649217719763,0.926668622784354
2,2189,seed,1-2,0.7268924595504489,0.7999511189199415
2,2189,arch,rn18-effb0,0.44849642158659725,0.6417923213321525
2,2189,random,rand,0.002679833940986572,-0.0049856079759407895
3,2697,seed,42-1,0.8404434961100242,0.9312158225962597
3,2697,seed,42-2,0.7156837707116238,0.8822424173222339
3,2697,seed,1-2,0.6852212649010437,0.8094059386794685
3,2697,arch,rn18-effb0,0.6572124483177088,0.8285114588501594
3,2697,random,rand,0.005178761759638164,-0.00037951030248074494
3,265,seed,42-1,0.669436460603259,0.865444252216383
3,265,seed,42-2,0.774122246603597,0.8519120007275858
3,265,seed,1-2,0.5895948159915405,0.7681663010960741
3,265,arch,rn18-effb0,0.6103385423823676,0.6889253149397426
3,265,random,rand,0.0011657628530492487,-0.00431339785010275
3,1901,seed,42-1,0.7990499801188143,0.8922320720449609
3,1901,seed,42-2,0.6893582656113784,0.8647774113368774
3,1901,seed,1-2,0.6067328361401673,0.7031515331485776
3,1901,arch,rn18-effb0,0.510404009375347,0.6361892985928463
3,1901,random,rand,0.00683525070432645,0.0008244800874779124
3,2712,seed,42-1,0.8783238913256237,0.9441875229072247
3,2712,seed,42-2,0.6930792317828798,0.8695718351380554
3,2712,seed,1-2,0.6727597820214324,0.791492604268795
3,2712,arch,rn18-effb0,0.48347494751000825,0.7085325684846369
3,2712,random,rand,0.0013269837142942985,-0.004364421752405867
3,2770,seed,42-1,0.860950100463984,0.9461524330880203
3,2770,seed,42-2,0.7700349500791768,0.8923761603253962
3,2770,seed,1-2,0.7830697663546025,0.9166085950049928
3,2770,arch,rn18-effb0,0.4776795049052886,0.6747421599735518
3,2770,random,rand,0.0030367194931831295,-0.003081962799719103
3,2069,seed,42-1,0.8355401996242514,0.929018518360412
3,2069,seed,42-2,0.7486594525219081,0.8762961475184073
3,2069,seed,1-2,0.6668226283395646,0.7470573013043421
3,2069,arch,rn18-effb0,0.5532199286732061,0.6322598473347404
3,2069,random,rand,0.0030008781874708854,-0.004055216105408744
3,134,seed,42-1,0.6858420838832905,0.7627994335318611
3,134,seed,42-2,0.7390758955336623,0.8771447968871924
3,134,seed,1-2,0.6554363455865345,0.8039803319208714
3,134,arch,rn18-effb0,0.2367951676852727,-0.07593836858494092
3,134,random,rand,0.004296612984110002,-0.0019050096242968786
3,959,seed,42-1,0.7085267308881205,0.9031825625777009
3,959,seed,42-2,0.6575768726686838,0.8651393351956784
3,959,seed,1-2,0.8711630392698299,0.9583019501271787
3,959,arch,rn18-effb0,0.13220373289282028,-0.08806026741832877
3,959,random,rand,0.0008389353694285771,-0.004509057359972755
3,2373,seed,42-1,0.9080561534512195,0.9666761343140194
3,2373,seed,42-2,0.7081675138956989,0.8728524734971811
3,2373,seed,1-2,0.6239930402583851,0.8003511894804518
3,2373,arch,rn18-effb0,0.620960348590427,0.7863817453284105
3,2373,random,rand,0.007756637857942482,0.001541707220423411
3,2392,seed,42-1,0.8714770205862468,0.939102233137618
3,2392,seed,42-2,0.5270300551833192,0.7667692800270471
3,2392,seed,1-2,0.5051868832489369,0.6855343417159824
3,2392,arch,rn18-effb0,0.5201424822559032,0.6185070120483636
3,2392,random,rand,-0.002845436570159828,-0.008626329697195317
3,1083,seed,42-1,0.6746484502469112,0.8072581343902655
3,1083,seed,42-2,0.7653776662354128,0.86287635649421
3,1083,seed,1-2,0.8811041855413738,0.949165979393426
3,1083,arch,rn18-effb0,0.3902367665047511,0.3644102348658565
3,1083,random,rand,0.01035003656357193,0.0048589916533791355
3,1661,seed,42-1,0.763521189771882,0.9204553746608186
3,1661,seed,42-2,0.7991298864796342,0.931382480309677
3,1661,seed,1-2,0.8709089030963111,0.9593234626202428
3,1661,arch,rn18-effb0,0.33296439920094306,0.5848976707856823
3,1661,random,rand,-0.00579004623943969,-0.010132119399515247
3,1247,seed,42-1,0.49649513223478936,0.4984497772777802
3,1247,seed,42-2,0.6570117317795903,0.782489450573694
3,1247,seed,1-2,0.4830160949218165,0.48161152066664703
3,1247,arch,rn18-effb0,0.578512338587291,0.8153279223333002
3,1247,random,rand,0.005338918452149347,-0.0016765548195979076
3,2525,seed,42-1,0.564143824424176,0.7278661752213416
3,2525,seed,42-2,0.3492412328316972,0.3159449487659492
3,2525,seed,1-2,0.5343601976847954,0.6946300030188429
3,2525,arch,rn18-effb0,0.4750008735190241,0.7871319025576133
3,2525,random,rand,0.007647946863401323,0.0025237773040270666
3,2984,seed,42-1,0.9163920018010173,0.9794743133209963
3,2984,seed,42-2,0.9032608836346198,0.9718422373684401
3,2984,seed,1-2,0.8901735157208475,0.9646353214664372
3,2984,arch,rn18-effb0,0.632097884961224,0.853426699825767
3,2984,random,rand,0.001487760592238156,-0.0031480935081822487
3,2795,seed,42-1,0.8525897471955212,0.9391885642934471
3,2795,seed,42-2,0.8006233798247309,0.9088320324452224
3,2795,seed,1-2,0.900564781643871,0.9642077972568852
3,2795,arch,rn18-effb0,0.6846068260680005,0.8854002882618528
3,2795,random,rand,0.009304058425363054,0.0034141628431271667
3,2757,seed,42-1,0.9280964172357522,0.9772119712693859
3,2757,seed,42-2,0.8050172617718547,0.9298198692090633
3,2757,seed,1-2,0.844039880613149,0.9560655727847673
3,2757,arch,rn18-effb0,0.6238961025017249,0.8483660354558588
3,2757,random,rand,0.016031272532826466,0.010844165986378357
3,1036,seed,42-1,0.7386256437888984,0.8656881591263774
3,1036,seed,42-2,0.8046809816132554,0.9288832886274746
3,1036,seed,1-2,0.8782112448316423,0.9513278077134615
3,1036,arch,rn18-effb0,0.09352828213408859,-0.3319452061890278
3,1036,random,rand,0.011498064368344111,0.005413867412847583
3,642,seed,42-1,0.8673964618646344,0.9469103524524556
3,642,seed,42-2,0.7849254721241283,0.8856429741189993
3,642,seed,1-2,0.7994613353314762,0.8756591562926134
3,642,arch,rn18-effb0,0.43114526808535536,0.26730381001535763
3,642,random,rand,0.011177468878967358,0.006247553601014587
3,1688,seed,42-1,0.7537161482763156,0.8825127727288009
3,1688,seed,42-2,0.70530504652287,0.8505649925371817
3,1688,seed,1-2,0.846994420496579,0.9319858270630259
3,1688,arch,rn18-effb0,0.4727539964939664,0.3565520889121895
3,1688,random,rand,0.0022731760751875407,-0.002571372813551549
3,133,seed,42-1,0.8892891467289836,0.9616861631154411
3,133,seed,42-2,0.8280027345553926,0.8712133742797661
3,133,seed,1-2,0.8292037093030961,0.8458132597335953
3,133,arch,rn18-effb0,0.2909519495676766,0.48090445032069834
3,133,random,rand,0.0033239475491630113,-0.0018947192982721403
3,1078,seed,42-1,0.8122366658685414,0.9297928316106009
3,1078,seed,42-2,0.7303078114386284,0.8789875608542367
3,1078,seed,1-2,0.8434367863214141,0.9327053695084601
3,1078,arch,rn18-effb0,0.25572431451739813,0.10802786967404003
3,1078,random,rand,0.006789756776559078,0.002106898769450073
3,2599,seed,42-1,0.7590630477130182,0.8886983122297977
3,2599,seed,42-2,0.7197981889757626,0.8758255649601259
3,2599,seed,1-2,0.5739649422289207,0.6932621976770584
3,2599,arch,rn18-effb0,0.6126313450210146,0.7694798333321273
3,2599,random,rand,0.008357812467868098,0.0027571828893937903
3,1663,seed,42-1,0.7928476976229957,0.9250673547586321
3,1663,seed,42-2,0.7779931546084714,0.9197370785400114
3,1663,seed,1-2,0.8240614162746078,0.911886237725914
3,1663,arch,rn18-effb0,0.42187819139464705,0.6851592575045409
3,1663,random,rand,-0.0006902937057102861,-0.006924533971926774
3,2706,seed,42-1,0.5430546709487223,0.5583117542824346
3,2706,seed,42-2,0.41004603369723824,0.3274839598624485
3,2706,seed,1-2,0.25728205385566666,-0.014163300096044055
3,2706,arch,rn18-effb0,0.1514406268153211,-0.36376293971849816
3,2706,random,rand,-0.0048389121938714,-0.010761008083829784
3,2630,seed,42-1,0.8062090202997083,0.9133235173684452
3,2630,seed,42-2,0.7876961616973726,0.9302315670530749
3,2630,seed,1-2,0.6753216390776579,0.8175051514667767
3,2630,arch,rn18-effb0,0.6935116677293505,0.8805230321955866
3,2630,random,rand,0.008675295369263477,0.004954392311129829
3,2171,seed,42-1,0.5808645075497353,0.5971698016602673
3,2171,seed,42-2,0.2962834036677132,-0.01467008777445808
3,2171,seed,1-2,0.44062051573473043,0.6012207170156799
3,2171,arch,rn18-effb0,0.32765971168398256,0.2158905375458284
3,2171,random,rand,0.0012615524326327794,-0.005509213032219774
3,3050,seed,42-1,0.8989618459136215,0.9676733513652332
3,3050,seed,42-2,0.8331015878756378,0.9170769168593723
3,3050,seed,1-2,0.7542325946219487,0.8783393162763613
3,3050,arch,rn18-effb0,0.7138306048055396,0.881401500192979
3,3050,random,rand,-0.005769404595204267,-0.012717611892183752
3,1930,seed,42-1,0.7741298559551744,0.873045016032164
3,1930,seed,42-2,0.7435380891564988,0.8562695979682646
3,1930,seed,1-2,0.6187355363936967,0.6256891720258503
3,1930,arch,rn18-effb0,0.6018297073850137,0.7549007757371301
3,1930,random,rand,0.005801206201994468,0.0009894250656024125
3,1565,seed,42-1,0.8284972393527024,0.9230400018820175
3,1565,seed,42-2,0.7430719002048487,0.8756400526108907
3,1565,seed,1-2,0.8651866716974806,0.9495461905632158
3,1565,arch,rn18-effb0,0.3690620561201798,0.4313788140630157
3,1565,random,rand,0.006945643717319636,0.003853683823522988
3,1115,seed,42-1,0.7221122468322297,0.858420561062197
3,1115,seed,42-2,0.7527226628350778,0.8782019942308485
3,1115,seed,1-2,0.9202683693301736,0.9660057014854758
3,1115,arch,rn18-effb0,0.2724499241751965,0.10792078453971188
3,1115,random,rand,0.0001686918721187467,-0.0039056557607368837
3,2161,seed,42-1,0.7701104301673946,0.8690866368779411
3,2161,seed,42-2,0.614322338559316,0.7822611094360522
3,2161,seed,1-2,0.6236371250492228,0.6979202719461226
3,2161,arch,rn18-effb0,0.5067070013534904,0.5556131274241123
3,2161,random,rand,0.009970355383351405,0.005171742529637634
3,2775,seed,42-1,0.8257946998267034,0.8926906476079011
3,2775,seed,42-2,0.8174568080614253,0.8776719417082607
3,2775,seed,1-2,0.8524900683266989,0.9481669217099544
3,2775,arch,rn18-effb0,0.5503867762501206,0.8280283371969916
3,2775,random,rand,0.0072388942376579845,0.0018276989332423848
3,2070,seed,42-1,0.81388500770862,0.8985203953027344
3,2070,seed,42-2,0.674117104249711,0.846237086762755
3,2070,seed,1-2,0.529746537312867,0.6582465155924794
3,2070,arch,rn18-effb0,0.4970845053220023,0.5602007237972227
3,2070,random,rand,0.006289180806883433,-0.0013140778358028886
3,267,seed,42-1,0.4462276705187478,0.511214509577404
3,267,seed,42-2,0.7191540555661318,0.8492806113262346
3,267,seed,1-2,0.43007542009465255,0.5234460601091939
3,267,arch,rn18-effb0,0.5045774505170749,0.5027232344105343
3,267,random,rand,0.005323239942956057,0.0009038270612716138
3,1460,seed,42-1,0.7241065052534149,0.8698393754286774
3,1460,seed,42-2,0.8148625678173598,0.9255646205273743
3,1460,seed,1-2,0.8190527495532016,0.910473690528088
3,1460,arch,rn18-effb0,0.25026777377137055,0.09663081072142714
3,1460,random,rand,0.007357616242377572,0.002092473413844407
3,2268,seed,42-1,0.8828884542010949,0.9588129067667671
3,2268,seed,42-2,0.7921948997783105,0.9086135189647595
3,2268,seed,1-2,0.7048223046849559,0.8469514596658184
3,2268,arch,rn18-effb0,0.47863894909862775,0.6426838416196506
3,2268,random,rand,0.006191839026425674,1.3612851486032907e-05
3,264,seed,42-1,0.5576556995401649,0.5862756601354958
3,264,seed,42-2,0.5355923794705699,0.6371252610469339
3,264,seed,1-2,0.7504081172896505,0.8525511971552154
3,264,arch,rn18-effb0,0.5609883999321832,0.6589977680061089
3,264,random,rand,0.007611993206192083,0.0021681132611404592
3,1897,seed,42-1,0.8225514946509974,0.9010254476629778
3,1897,seed,42-2,0.7159329212732615,0.8739699417564805
3,1897,seed,1-2,0.6200583405604194,0.6830212856095175
3,1897,arch,rn18-effb0,0.47046813066364174,0.6865420174665092
3,1897,random,rand,0.0036536235020050304,-0.0023026075485633422
3,817,seed,42-1,0.9264743671093352,0.9845913361295223
3,817,seed,42-2,0.8596434487537391,0.9194134252107056
3,817,seed,1-2,0.7966822029938239,0.9143903362303872
3,817,arch,rn18-effb0,0.4380234363191048,0.6989454278879097
3,817,random,rand,0.014342718209505301,0.007261987163113485
4,2473,seed,42-1,0.8379308498998266,0.9314472471620361
4,2473,seed,42-2,0.7196022062543985,0.9039314677881142
4,2473,seed,1-2,0.8000847346755869,0.9337759591627194
4,2473,arch,rn18-effb0,0.6254232851006486,0.7865971080861441
4,2473,random,rand,0.0014213569162887746,-0.0028631947349125318
4,2233,seed,42-1,0.7070677455401948,0.9515631532161686
4,2233,seed,42-2,0.727732874489595,0.8808000801226121
4,2233,seed,1-2,0.7045615699213393,0.8840209248904448
4,2233,arch,rn18-effb0,0.5513458870857385,0.7263570522965898
4,2233,random,rand,0.005621281073428402,-0.00047703557128852295
4,2443,seed,42-1,0.7552891449022004,0.8873507176660113
4,2443,seed,42-2,0.7469946723877374,0.924668892745252
4,2443,seed,1-2,0.7874261391719989,0.9441670819228764
4,2443,arch,rn18-effb0,0.5431644131222344,0.7079462825879841
4,2443,random,rand,-3.811206657439475e-05,-0.005030460108150888
4,2623,seed,42-1,0.7486122837900415,0.9074845799848743
4,2623,seed,42-2,0.7534961597422525,0.9422358128226463
4,2623,seed,1-2,0.749190971316092,0.9149992149430655
4,2623,arch,rn18-effb0,0.5686762993457737,0.7343297111487118
4,2623,random,rand,-0.0067914743064114835,-0.010276814848988621
4,2745,seed,42-1,0.8327867548546537,0.9519142837917325
4,2745,seed,42-2,0.8402276056456592,0.9388099739699145
4,2745,seed,1-2,0.8198658730353423,0.9313570362015426
4,2745,arch,rn18-effb0,0.5556449987325569,0.6704553266947961
4,2745,random,rand,0.014774518116355006,0.008534928922387452
4,1050,seed,42-1,0.8095666597025151,0.9185213185304529
4,1050,seed,42-2,0.8632590632167507,0.9514960556764619
4,1050,seed,1-2,0.6947124080182028,0.8512011083801034
4,1050,arch,rn18-effb0,0.08058368956176971,-0.47834987061778605
4,1050,random,rand,0.01210993576372483,0.005832407257651892
4,2806,seed,42-1,0.8594228250184862,0.9571308083681813
4,2806,seed,42-2,0.874817963832231,0.9568936931297591
4,2806,seed,1-2,0.8396148941399746,0.9519059560970314
4,2806,arch,rn18-effb0,0.45224073384252944,0.49051910778645436
4,2806,random,rand,0.0047296730815276815,0.0008275606727987505
4,1182,seed,42-1,0.8001234463759612,0.9177992115758133
4,1182,seed,42-2,0.816708275988297,0.8972459508445955
4,1182,seed,1-2,0.8786944444031439,0.9222118405060196
4,1182,arch,rn18-effb0,0.14026200915970533,-0.30581863580747004
4,1182,random,rand,0.010003223405317322,0.005249893574957791
4,2226,seed,42-1,0.7644183260791427,0.9583870390676209
4,2226,seed,42-2,0.7397144298057067,0.8885544218330402
4,2226,seed,1-2,0.6779069186896669,0.8412865760225334
4,2226,arch,rn18-effb0,0.4945724263817684,0.696256509865512
4,2226,random,rand,0.0019609324144789623,-0.002970415035960917
4,967,seed,42-1,0.922228808441168,0.9834235075251362
4,967,seed,42-2,0.8199266252940316,0.9303250438656114
4,967,seed,1-2,0.8063342490768632,0.915924698619742
4,967,arch,rn18-effb0,0.3943523775655771,0.194901890879939
4,967,random,rand,0.012610934883730423,0.005462110091541615
4,230,seed,42-1,0.6937023753261469,0.8711857985488985
4,230,seed,42-2,0.8056432447520777,0.9197342541027396
4,230,seed,1-2,0.7519067069785239,0.868834556864532
4,230,arch,rn18-effb0,0.36793342825542646,0.7424591974257154
4,230,random,rand,0.0065123818561630695,0.002337625212945648
4,2748,seed,42-1,0.8354536186542819,0.9312489607290049
4,2748,seed,42-2,0.8113136052315247,0.9137309602069951
4,2748,seed,1-2,0.8606192358129755,0.952733818892068
4,2748,arch,rn18-effb0,0.5802415468498867,0.7266628284399426
4,2748,random,rand,0.010028702798346362,0.005921766329020865
4,1289,seed,42-1,0.905836124087577,0.9818695254479387
4,1289,seed,42-2,0.817067635147872,0.9476377967055515
4,1289,seed,1-2,0.8429712564038145,0.9494472780810698
4,1289,arch,rn18-effb0,0.34157505525911586,0.3198316115496224
4,1289,random,rand,0.0013183847066417433,-0.005140800805751951
4,1051,seed,42-1,0.6399952852013432,0.814905691189446
4,1051,seed,42-2,0.8648779554636368,0.9419980256328676
4,1051,seed,1-2,0.5641400946559196,0.6882808476566451
4,1051,arch,rn18-effb0,0.379833156530698,-0.030126825133313394
4,1051,random,rand,0.012210735960320868,0.005840849158522316
4,2536,seed,42-1,0.8881396894390151,0.9314857817661332
4,2536,seed,42-2,0.77135401365777,0.8939459759667298
4,2536,seed,1-2,0.7186525000569343,0.8559751365826359
4,2536,arch,rn18-effb0,0.4980137669233142,0.618349938434337
4,2536,random,rand,0.014115236454195521,0.009167799648756535
4,2504,seed,42-1,0.8363536690293523,0.8976127097200508
4,2504,seed,42-2,0.8190526485614941,0.9358819016483171
4,2504,seed,1-2,0.7742973936804146,0.8606109325522308
4,2504,arch,rn18-effb0,0.5513603997285064,0.7459510074133356
4,2504,random,rand,0.012229550063408746,0.006159949200557733
4,2356,seed,42-1,0.8299057259547586,0.956031451480383
4,2356,seed,42-2,0.7913119336143887,0.924441626106285
4,2356,seed,1-2,0.770810348505615,0.9003502893471189
4,2356,arch,rn18-effb0,0.6024067364259763,0.8265405029263961
4,2356,random,rand,0.006523459602766226,0.000989249692231625
4,2079,seed,42-1,0.7599724115390226,0.9494130510942514
4,2079,seed,42-2,0.741297709892681,0.9331115195338673
4,2079,seed,1-2,0.8323285598757793,0.9330623530718246
4,2079,arch,rn18-effb0,0.41053349265799766,0.7179789357048103
4,2079,random,rand,0.006199074391277594,0.0014649623360818644
4,2350,seed,42-1,0.7197499798520504,0.9568802573834261
4,2350,seed,42-2,0.6599463236121214,0.8554808950962262
4,2350,seed,1-2,0.6032023505533608,0.7754569523937991
4,2350,arch,rn18-effb0,0.381809264558896,0.49149995195795837
4,2350,random,rand,0.007510011332906503,0.0018302528959361168
4,2195,seed,42-1,0.7988559948108981,0.9247640495305448
4,2195,seed,42-2,0.7572848562763466,0.9035680904190465
4,2195,seed,1-2,0.7526391202312844,0.9313200466476066
4,2195,arch,rn18-effb0,0.4477101998167007,0.6896604082495751
4,2195,random,rand,0.002947732239774206,-0.0036985006783773486
4,234,seed,42-1,0.8476953720220055,0.9384107204525973
4,234,seed,42-2,0.8126979261773442,0.9062791896120687
4,234,seed,1-2,0.8004663799579833,0.9034233370617277
4,234,arch,rn18-effb0,0.43148431614777955,0.5510017642795141
4,234,random,rand,0.0009027080698120512,-0.005538668624797572
4,2503,seed,42-1,0.8287056651818949,0.9505511454500274
4,2503,seed,42-2,0.8300208083353388,0.9482256826967007
4,2503,seed,1-2,0.8014746228835467,0.8927389295972865
4,2503,arch,rn18-effb0,0.4670059578269441,0.575505412576146
4,2503,random,rand,-0.00509335402682806,-0.01002131389002543
4,104,seed,42-1,0.7162418698411528,0.8269960034841972
4,104,seed,42-2,0.6912491972025316,0.6101834234744885
4,104,seed,1-2,0.5647263436981418,0.3678490594632923
4,104,arch,rn18-effb0,0.27138926591338147,0.7272462537289521
4,104,random,rand,0.01243009655925329,0.005949217412325227
4,1238,seed,42-1,0.742309455683709,0.8691696298171451
4,1238,seed,42-2,0.8471247944189145,0.9363809043901762
4,1238,seed,1-2,0.8175412651188888,0.9109432573554491
4,1238,arch,rn18-effb0,0.38683411703356646,0.0069466234570452505
4,1238,random,rand,0.005634148360782349,0.0001704740592186397
4,2684,seed,42-1,0.7547202949596299,0.880719104349616
4,2684,seed,42-2,0.7677245917658309,0.9301478953876465
4,2684,seed,1-2,0.7387905351764461,0.9431582496242626
4,2684,arch,rn18-effb0,0.4782220295397006,0.6015424810930078
4,2684,random,rand,0.010944483358882678,0.00499774401847988
4,658,seed,42-1,0.6358707772809146,0.8446880584439094
4,658,seed,42-2,0.882750265286321,0.9440059207866471
4,658,seed,1-2,0.683228358856002,0.7802704425690085
4,658,arch,rn18-effb0,0.1817837071783014,-0.04584965093229272
4,658,random,rand,0.007266411630740545,0.002582027932127407
4,1052,seed,42-1,0.7100662661808604,0.8372929239331591
4,1052,seed,42-2,0.7555652122904851,0.8881443632679601
4,1052,seed,1-2,0.5381055857498288,0.6909777110536188
4,1052,arch,rn18-effb0,0.3375309850781496,-0.03190777122839342
4,1052,random,rand,0.0058054031954892235,0.000882549381375678
4,1956,seed,42-1,0.7484631730785927,0.9298882833654278
4,1956,seed,42-2,0.7597734886914347,0.8974017424377927
4,1956,seed,1-2,0.850304475337751,0.9492267140005062
4,1956,arch,rn18-effb0,0.5264112501878326,0.6801081343623945
4,1956,random,rand,0.00853855121167197,0.003259605031128094
4,2199,seed,42-1,0.7471003444704573,0.9122204198969719
4,2199,seed,42-2,0.7639569020708741,0.9115643468879023
4,2199,seed,1-2,0.7324282417865403,0.9097220248869938
4,2199,arch,rn18-effb0,0.08302278650615766,-0.4654153697196167
4,2199,random,rand,1.3426853926384788e-05,-0.005224765376979574
4,22,seed,42-1,0.7942928657294394,0.9172964703486606
4,22,seed,42-2,0.7958863222144746,0.8283147210116323
4,22,seed,1-2,0.7383197489060902,0.7043311325514251
4,22,arch,rn18-effb0,0.4639801672941245,0.5569512030719351
4,22,random,rand,0.003998250381644035,-0.0018503733121157861
4,490,seed,42-1,0.577859616307996,0.6616282111996977
4,490,seed,42-2,0.6175262932737958,0.7772003332081615
4,490,seed,1-2,0.7710336767180634,0.8773807146535428
4,490,arch,rn18-effb0,0.2768461857322951,0.05900615012793071
4,490,random,rand,0.009775122044727165,0.004529862028440217
4,579,seed,42-1,0.8095032309627465,0.9409721559346135
4,579,seed,42-2,0.9256813442755474,0.9773629517415268
4,579,seed,1-2,0.7869385228635847,0.9213158840668269
4,579,arch,rn18-effb0,0.31462738483056585,0.5350911755005536
4,579,random,rand,0.009394720567273621,0.0032213270228768276
4,1961,seed,42-1,0.7872238612191771,0.952751792974151
4,1961,seed,42-2,0.7799295274564679,0.9116097800983648
4,1961,seed,1-2,0.8090852619016394,0.9093520151020505
4,1961,arch,rn18-effb0,0.5516305204031373,0.6899207687471175
4,1961,random,rand,-0.0038387947373162952,-0.010538592733577106
4,1557,seed,42-1,0.6654601442893852,0.7850869799692076
4,1557,seed,42-2,0.8468600766304587,0.9465176042295811
4,1557,seed,1-2,0.6889353458674065,0.8093355320775873
4,1557,arch,rn18-effb0,0.3434160439908244,-0.2582396928261108
4,1557,random,rand,0.010325931368400801,0.0031400885375167595
4,652,seed,42-1,0.7697122513648387,0.9344649959063579
4,652,seed,42-2,0.8269082165850198,0.926356401279984
4,652,seed,1-2,0.8058308815864136,0.855146670997676
4,652,arch,rn18-effb0,0.34464510138038873,0.8176377746699165
4,652,random,rand,0.00412981248402889,-0.003622909408298114
4,106,seed,42-1,0.6687550301347558,0.8373671999870743
4,106,seed,42-2,0.6735343853662153,0.7116305194460357
4,106,seed,1-2,0.6728394317017631,0.5954956486370282
4,106,arch,rn18-effb0,0.375501055937901,0.7788905494443517
4,106,random,rand,0.006342212113983691,0.0007261906050774335
4,416,seed,42-1,0.9329525574900046,0.9845305943097175
4,416,seed,42-2,0.7741785631568782,0.8917460475673807
4,416,seed,1-2,0.7991691953529639,0.9007832361987997
4,416,arch,rn18-effb0,0.45290339535840696,0.768521800844939
4,416,random,rand,0.002069837453971504,-0.002523354070056203
4,639,seed,42-1,0.23469629915116696,-0.14125669791282344
4,639,seed,42-2,0.15903805858651082,-0.533483397860388
4,639,seed,1-2,0.6432854872905712,0.7587219926565506
4,639,arch,rn18-effb0,0.20162003461465697,-0.5334538984733715
4,639,random,rand,0.0066386915463502215,0.0008729263009819221
4,2903,seed,42-1,0.765925922826517,0.855530553840443
4,2903,seed,42-2,0.7638994671163555,0.8786849670850289
4,2903,seed,1-2,0.7155832880637601,0.8453966044204224
4,2903,arch,rn18-effb0,0.6813916817928929,0.8775664183702937
4,2903,random,rand,0.014760883969862006,0.009866310952556403
4,747,seed,42-1,0.45033872346922155,0.547853357737057
4,747,seed,42-2,0.7297181716907916,0.8826562422437655
4,747,seed,1-2,0.3709844248245285,0.42049819380262266
4,747,arch,rn18-effb0,0.29029243871002086,0.34223070175834763
4,747,random,rand,0.012641020963811166,0.006416311862778742
