arch,seed,split,fold,accuracy,macro_f1,auc
resnet18,42,fold_honest,0,0.9627906976744186,0.9595245425505747,0.9960596340367992
resnet18,42,fold_honest,1,0.8843283582089553,0.8739861277380588,0.9593730548822101
resnet18,42,fold_honest,2,0.9800664451827242,0.9786203232511957,0.9994492451617035
resnet18,42,fold_honest,3,0.9182481751824818,0.901145291332136,0.9841768862121599
resnet18,42,fold_honest,4,0.9345637583892618,0.9286570790804561,0.9871649890511991
resnet18,42,fold_leaky,0,0.9804241435562806,0.9782017442486923,0.9986484558490861
resnet18,42,fold_leaky,1,0.9918433931484503,0.9915324503898927,0.9998640485186968
resnet18,42,fold_leaky,2,0.9820554649265906,0.9801410379695193,0.9984691245673535
resnet18,42,fold_leaky,3,0.9820554649265906,0.9789239245882971,0.9979889348491966
resnet18,42,fold_leaky,4,0.9803921568627451,0.9778699736423676,0.9970157171864175
resnet18,1,fold_honest,0,0.9627906976744186,0.9598632254860536,0.9952287971203537
resnet18,1,fold_honest,1,0.9048507462686567,0.8943633929714445,0.9704274464848953
resnet18,1,fold_honest,2,0.9634551495016611,0.9604803026963782,0.99803290227769
resnet18,1,fold_honest,3,0.9197080291970803,0.9045859282763914,0.9775101060689876
resnet18,1,fold_honest,4,0.9429530201342282,0.9378463313970623,0.9904384282421456
resnet18,1,fold_leaky,0,0.9804241435562806,0.9773558221758535,0.9985868127714417
resnet18,1,fold_leaky,1,0.9836867862969005,0.9825265700698226,0.9992657233669937
resnet18,1,fold_leaky,2,0.965742251223491,0.961216454393754,0.9980671175754742
resnet18,1,fold_leaky,3,0.9853181076672104,0.9840494617963907,0.9989594210379229
resnet18,1,fold_leaky,4,0.9754901960784313,0.9718865368835153,0.9981996988037425
resnet18,2,fold_honest,0,0.9767441860465116,0.9753102782401443,0.9986727852614284
resnet18,2,fold_honest,1,0.8917910447761194,0.8817942291626503,0.9710120083252604
resnet18,2,fold_honest,2,0.978405315614618,0.9759088420214921,0.998843186821348
resnet18,2,fold_honest,3,0.9313868613138686,0.9190445714342087,0.9893671726831537
resnet18,2,fold_honest,4,0.9446308724832215,0.9411668919248993,0.9862216682977908
resnet18,2,fold_leaky,0,0.9853181076672104,0.9835759266787818,0.999123969122148
resnet18,2,fold_leaky,1,0.9820554649265906,0.9802486491467346,0.9976757217167399
resnet18,2,fold_leaky,2,0.9804241435562806,0.9781323613316301,0.9995944171021804
resnet18,2,fold_leaky,3,0.9804241435562806,0.9771349541505648,0.9990622734224764
resnet18,2,fold_leaky,4,0.9852941176470589,0.9838652020057137,0.9992759584201734
